ステータス,ワーカー,完了日時,ID
承認待ち 内容確認,cobratwist 作業承認率: 99% 作業一覧,2026年04月07日 17:56,19340502
承認待ち 内容確認,yukaxeve1357 作業承認率: 99% 作業一覧,2026年04月07日 18:04,55929946
承認待ち 内容確認,ocr73jd 作業承認率: 99% 作業一覧,2026年04月07日 17:29,12224259
承認待ち 内容確認,michiko0257 作業承認率: 99% 作業一覧,2026年04月07日 17:45,62747303
承認待ち 内容確認,swkn 作業承認率: 98% 作業一覧,2026年04月07日 17:26,98863310
承認待ち 内容確認,hiro_123 作業承認率: 99% 作業一覧,2026年04月07日 17:57,96604172
承認待ち 内容確認,Axelrod 作業承認率: 99% 作業一覧,2026年04月07日 17:21,85062821
承認待ち 内容確認,nobidorako 作業承認率: 99% 作業一覧,2026年04月07日 17:36,81491085
承認待ち 内容確認,hatoo 作業承認率: 99% 作業一覧,2026年04月07日 17:40,92464921
承認待ち 内容確認,bint 作業承認率: 99% 作業一覧,2026年04月07日 17:33,68835253
承認待ち 内容確認,mnty 作業承認率: 99% 作業一覧,2026年04月07日 17:37,49129593
承認待ち 内容確認,shotakato1030 作業承認率: 99% 作業一覧,2026年04月07日 17:29,28469231
承認待ち 内容確認,namihei 作業承認率: 99% 作業一覧,2026年04月07日 17:37,38892517
承認待ち 内容確認,Name Naoki 作業承認率: 99% 作業一覧,2026年04月07日 17:27,51528560
承認待ち 内容確認,weskun 作業承認率: 98% 作業一覧,2026年04月07日 17:25,63962548
承認待ち 内容確認,mutsuki_cw 作業承認率: 99% 作業一覧,2026年04月07日 17:21,52736821
承認待ち 内容確認,free612 作業承認率: 99% 作業一覧,2026年04月07日 17:43,18776471
承認待ち 内容確認,maru0121 作業承認率: 99% 作業一覧,2026年04月07日 16:35,84090508
承認待ち 内容確認,rurusieru 作業承認率: 98% 作業一覧,2026年04月07日 16:41,91351309
承認待ち 内容確認,kumanown 作業承認率: 99% 作業一覧,2026年04月07日 16:32,44252171
承認待ち 内容確認,Hakka64 作業承認率: 99% 作業一覧,2026年04月07日 16:47,12442086
承認待ち 内容確認,ウエマツです。 作業承認率: 99% 作業一覧,2026年04月07日 16:46,79673102
承認待ち 内容確認,crighf246 作業承認率: 99% 作業一覧,2026年04月07日 16:53,75716566
承認待ち 内容確認,mwfvf 作業承認率: 99% 作業一覧,2026年04月07日 16:33,60139540
承認待ち 内容確認,Webデザイナー鈴川るな 作業承認率: 98% 作業一覧,2026年04月07日 16:23,74781523
承認待ち 内容確認,大城ゆうすけ 作業承認率: 99% 作業一覧,2026年04月07日 16:40,73113036
承認待ち 内容確認,iiyo 作業承認率: 99% 作業一覧,2026年04月07日 16:36,74056046
承認待ち 内容確認,yoakekomi 作業承認率: 99% 作業一覧,2026年04月07日 16:57,26119823
承認待ち 内容確認,yanotoshi679 作業承認率: 97% 作業一覧,2026年04月07日 16:31,73025284
承認待ち 内容確認,yellowtiger19 作業承認率: 97% 作業一覧,2026年04月07日 16:28,83826563
承認待ち 内容確認,wjwj9605 作業承認率: 94% 作業一覧,2026年04月07日 17:06,73505554
承認待ち 内容確認,ririko5 作業承認率: 99% 作業一覧,2026年04月07日 16:36,89300291
承認待ち 内容確認,tmguzzi 作業承認率: 99% 作業一覧,2026年04月07日 16:43,43969983
承認待ち 内容確認,UV moisture 作業承認率: 97% 作業一覧,2026年04月07日 16:30,62872750
承認待ち 内容確認,＊HoneyDew＊ 作業承認率: 98% 作業一覧,2026年04月07日 16:26,83910395
承認待ち 内容確認,pja1_5a53 作業承認率: 99% 作業一覧,2026年04月07日 16:26,84824495
承認待ち 内容確認,kenjamin 作業承認率: 99% 作業一覧,2026年04月07日 16:28,36018972
承認待ち 内容確認,sheclea33 作業承認率: 99% 作業一覧,2026年04月07日 17:02,23671471
承認待ち 内容確認,teruritakayama 作業承認率: 98% 作業一覧,2026年04月07日 16:18,68436726
承認待ち 内容確認,aogara 作業承認率: 98% 作業一覧,2026年04月07日 16:34,92756605
承認待ち 内容確認,ricsal92 作業承認率: 99% 作業一覧,2026年04月07日 16:23,56114057
承認待ち 内容確認,tabunn 作業承認率: 99% 作業一覧,2026年04月07日 16:21,48608199
承認待ち 内容確認,yy6791 作業承認率: 99% 作業一覧,2026年04月07日 16:45,29078062
承認待ち 内容確認,sakuyu 作業承認率: 98% 作業一覧,2026年04月07日 16:23,54400911
承認待ち 内容確認,piyo_7 作業承認率: 99% 作業一覧,2026年04月07日 16:32,41487569
承認待ち 内容確認,monmaru100 作業承認率: 99% 作業一覧,2026年04月07日 16:43,58329905
承認待ち 内容確認,inc1_5167 作業承認率: 99% 作業一覧,2026年04月07日 16:29,75222290
承認待ち 内容確認,momomo99 作業承認率: 99% 作業一覧,2026年04月07日 17:03,21081643
承認待ち 内容確認,kurako85 作業承認率: 97% 作業一覧,2026年04月07日 16:35,64549276
承認待ち 内容確認,mame6757 作業承認率: 98% 作業一覧,2026年04月07日 16:29,11365416
承認待ち 内容確認,kenari 作業承認率: 99% 作業一覧,2026年04月07日 16:50,48987520
承認待ち 内容確認,0421airiairi 作業承認率: 99% 作業一覧,2026年04月07日 16:44,32842711
承認待ち 内容確認,take8bu 作業承認率: 99% 作業一覧,2026年04月07日 16:55,59484062
承認待ち 内容確認,sukoyakayama 作業承認率: 97% 作業一覧,2026年04月07日 16:31,94683765
承認待ち 内容確認,superjustice 作業承認率: 99% 作業一覧,2026年04月07日 16:45,24414778
承認待ち 内容確認,がほんず 作業承認率: 98% 作業一覧,2026年04月07日 16:42,56621943
承認待ち 内容確認,kame333 作業承認率: 98% 作業一覧,2026年04月07日 16:15,30875069
承認待ち 内容確認,linemaru 作業承認率: 99% 作業一覧,2026年04月07日 16:48,40972666
承認待ち 内容確認,Panamera8108 作業承認率: 97% 作業一覧,2026年04月07日 16:33,79380028
承認待ち 内容確認,kaz1_430a 作業承認率: 99% 作業一覧,2026年04月07日 16:30,70080497
承認待ち 内容確認,chiyos 作業承認率: 99% 作業一覧,2026年04月07日 16:50,68114819
承認待ち 内容確認,yu8131 作業承認率: 95% 作業一覧,2026年04月07日 16:58,59259418
承認待ち 内容確認,kanakotaro 作業承認率: 98% 作業一覧,2026年04月07日 16:30,83832851
承認待ち 内容確認,ashihara123 作業承認率: 99% 作業一覧,2026年04月07日 16:39,65177350
承認待ち 内容確認,Ryoka11 作業承認率: 97% 作業一覧,2026年04月07日 16:20,67959352
承認待ち 内容確認,tasukukanryo 作業承認率: 99% 作業一覧,2026年04月07日 16:50,64886659
承認待ち 内容確認,naosan6791 作業承認率: 97% 作業一覧,2026年04月07日 16:58,27833429
承認待ち 内容確認,mail201116 作業承認率: 98% 作業一覧,2026年04月07日 16:37,55656593
承認待ち 内容確認,Tamura1212 作業承認率: 97% 作業一覧,2026年04月07日 16:53,16065731
承認待ち 内容確認,永原ミチ 作業承認率: 99% 作業一覧,2026年04月07日 17:00,47307217
承認待ち 内容確認,jasuminn2000 作業承認率: 98% 作業一覧,2026年04月07日 16:24,35714437
承認待ち 内容確認,森野きのこ 作業承認率: 99% 作業一覧,2026年04月07日 16:25,64083274
承認待ち 内容確認,syuzoku 作業承認率: 99% 作業一覧,2026年04月07日 16:37,53344469
承認待ち 内容確認,takashi02 作業承認率: 94% 作業一覧,2026年04月07日 16:13,95635924
承認待ち 内容確認,立花かな 作業承認率: 99% 作業一覧,2026年04月07日 16:36,86443306
承認待ち 内容確認,FW257S 作業承認率: 99% 作業一覧,2026年04月07日 16:27,44200813
承認待ち 内容確認,猫山コモキチ 作業承認率: 99% 作業一覧,2026年04月07日 16:39,95422353
承認待ち 内容確認,miyamiya927 作業承認率: 99% 作業一覧,2026年04月07日 16:33,41255355
承認待ち 内容確認,RK_cw 作業承認率: 99% 作業一覧,2026年04月07日 16:28,16611468
承認待ち 内容確認,satohina416 作業承認率: 99% 作業一覧,2026年04月07日 16:22,91893716
承認待ち 内容確認,minacharm 作業承認率: 98% 作業一覧,2026年04月07日 16:45,93095396
承認待ち 内容確認,Alice0303 作業承認率: 98% 作業一覧,2026年04月07日 16:31,49047921
承認待ち 内容確認,maquiaHSH 作業承認率: 99% 作業一覧,2026年04月07日 16:28,59914384
承認待ち 内容確認,timu2626 作業承認率: 98% 作業一覧,2026年04月07日 16:24,16802981
承認待ち 内容確認,fw190d 作業承認率: 99% 作業一覧,2026年04月07日 16:28,13327740
承認待ち 内容確認,gin3naak.o 作業承認率: 95% 作業一覧,2026年04月07日 16:26,96692917
承認待ち 内容確認,fukan12 作業承認率: 99% 作業一覧,2026年04月07日 16:37,48689895
承認待ち 内容確認,kokoro999 作業承認率: 99% 作業一覧,2026年04月07日 16:26,41183099
承認待ち 内容確認,syseal 作業承認率: 98% 作業一覧,2026年04月07日 17:01,16826091
承認待ち 内容確認,conicomi 作業承認率: 99% 作業一覧,2026年04月07日 16:48,43230547
承認待ち 内容確認,han3k 作業承認率: 99% 作業一覧,2026年04月07日 16:31,33913507
承認待ち 内容確認,kaka19 作業承認率: 98% 作業一覧,2026年04月07日 16:32,24041394
承認待ち 内容確認,a_ban 作業承認率: 99% 作業一覧,2026年04月07日 16:45,42352289
承認待ち 内容確認,yuutaro813 作業承認率: 94% 作業一覧,2026年04月07日 16:51,56500220
承認待ち 内容確認,L912 作業承認率: 99% 作業一覧,2026年04月07日 16:30,62667878
承認待ち 内容確認,mitubati555 作業承認率: 98% 作業一覧,2026年04月07日 16:20,18662424
承認待ち 内容確認,macilanggong 作業承認率: 98% 作業一覧,2026年04月07日 16:45,77803379
承認待ち 内容確認,mahiyo 作業承認率: 99% 作業一覧,2026年04月07日 16:49,93443514
承認待ち 内容確認,五十六 作業承認率: 99% 作業一覧,2026年04月07日 16:42,57439403
承認待ち 内容確認,tiger100 作業承認率: 99% 作業一覧,2026年04月07日 16:34,29151391
承認待ち 内容確認,cabinessence9 作業承認率: 99% 作業一覧,2026年04月07日 16:32,36290841
承認待ち 内容確認,mikariau 作業承認率: 98% 作業一覧,2026年04月07日 16:18,68987446
承認待ち 内容確認,icantsing 作業承認率: 99% 作業一覧,2026年04月07日 16:40,42563735
承認待ち 内容確認,neguchi 作業承認率: 98% 作業一覧,2026年04月07日 16:44,54441443
承認待ち 内容確認,xnosama110415 作業承認率: 95% 作業一覧,2026年04月07日 16:28,25665860
承認待ち 内容確認,kumii_5451 作業承認率: 99% 作業一覧,2026年04月07日 16:30,83720424
承認待ち 内容確認,yayoiregza 作業承認率: 99% 作業一覧,2026年04月07日 16:39,44512795
承認待ち 内容確認,skwk 作業承認率: 98% 作業一覧,2026年04月07日 16:36,41695127
承認待ち 内容確認,kuruupu 作業承認率: 99% 作業一覧,2026年04月07日 16:24,17502555
承認待ち 内容確認,スイートバジル 作業承認率: 99% 作業一覧,2026年04月07日 16:54,33017579
承認待ち 内容確認,umbreon 作業承認率: 97% 作業一覧,2026年04月07日 16:32,82715098
承認待ち 内容確認,タミック 作業承認率: 99% 作業一覧,2026年04月07日 16:56,77707963
承認待ち 内容確認,kaedetomomojiro 作業承認率: 99% 作業一覧,2026年04月07日 16:34,33445057
承認待ち 内容確認,dreammyaker 作業承認率: 99% 作業一覧,2026年04月07日 16:28,36653095
承認待ち 内容確認,SepiInko 作業承認率: 99% 作業一覧,2026年04月07日 16:58,29899467
承認待ち 内容確認,jyunjyun0920 作業承認率: 97% 作業一覧,2026年04月07日 16:47,93999642
承認待ち 内容確認,03081210ohtsuru 作業承認率: 99% 作業一覧,2026年04月07日 16:51,67700567
承認待ち 内容確認,aimar218 作業承認率: 99% 作業一覧,2026年04月07日 16:42,26143191
承認待ち 内容確認,nao018 作業承認率: 100% 作業一覧,2026年04月07日 16:52,87777514
承認待ち 内容確認,rowcreate 作業承認率: 99% 作業一覧,2026年04月07日 16:41,54251124
承認待ち 内容確認,yum521 作業承認率: 94% 作業一覧,2026年04月07日 16:44,94245092
承認待ち 内容確認,（FUKAMI） 作業承認率: 99% 作業一覧,2026年04月07日 16:44,26655627
承認待ち 内容確認,nishi368 作業承認率: 97% 作業一覧,2026年04月07日 16:19,32536264
承認待ち 内容確認,エル24 作業承認率: 96% 作業一覧,2026年04月07日 16:56,70363906
承認待ち 内容確認,imotea 作業承認率: 99% 作業一覧,2026年04月07日 17:00,35194991
承認待ち 内容確認,Andy04 作業承認率: 100% 作業一覧,2026年04月07日 16:41,70661213
承認待ち 内容確認,madboo 作業承認率: 89% 作業一覧,2026年04月07日 16:18,22233823
承認待ち 内容確認,hmki8 作業承認率: 99% 作業一覧,2026年04月07日 16:45,20617844
承認待ち 内容確認,振内山 作業承認率: 98% 作業一覧,2026年04月07日 16:23,81397096
承認待ち 内容確認,dai21 作業承認率: 99% 作業一覧,2026年04月07日 16:27,83096685
承認待ち 内容確認,jo6421 作業承認率: 99% 作業一覧,2026年04月07日 16:55,15312851
承認待ち 内容確認,Macchan1201 作業承認率: 99% 作業一覧,2026年04月07日 16:57,64577173
承認待ち 内容確認,sgawarat 作業承認率: 99% 作業一覧,2026年04月07日 16:44,76323742
承認待ち 内容確認,koppinyuki 作業承認率: 99% 作業一覧,2026年04月07日 16:26,77171937
承認待ち 内容確認,NatoGoGo 作業承認率: 99% 作業一覧,2026年04月07日 16:37,52409107
承認待ち 内容確認,09-work 作業承認率: 99% 作業一覧,2026年04月07日 16:54,83539014
承認待ち 内容確認,aka10 作業承認率: 100% 作業一覧,2026年04月07日 16:44,54383875
承認待ち 内容確認,michikawa34 作業承認率: 99% 作業一覧,2026年04月07日 16:36,50950983
承認待ち 内容確認,wenxuan11 作業承認率: 99% 作業一覧,2026年04月07日 16:40,87285239
承認待ち 内容確認,shira17ka 作業承認率: 99% 作業一覧,2026年04月07日 16:38,18128189
承認待ち 内容確認,toramaru0 作業承認率: 99% 作業一覧,2026年04月07日 16:41,89039395
承認待ち 内容確認,fsitc33628 作業承認率: 97% 作業一覧,2026年04月07日 16:40,12061859
承認待ち 内容確認,fqk1 作業承認率: 94% 作業一覧,2026年04月07日 16:35,46122343
承認待ち 内容確認,hmjumper0530 作業承認率: 99% 作業一覧,2026年04月07日 16:51,60035027
承認待ち 内容確認,ray10 作業承認率: 99% 作業一覧,2026年04月07日 16:38,46316408
承認待ち 内容確認,haruurarawa 作業承認率: 95% 作業一覧,2026年04月07日 16:40,73656767
承認待ち 内容確認,mmcho 作業承認率: 99% 作業一覧,2026年04月07日 16:44,91521034
承認待ち 内容確認,okmt_biz 作業承認率: 99% 作業一覧,2026年04月07日 16:38,75944211
承認待ち 内容確認,BLUE THUNDER 作業承認率: 97% 作業一覧,2026年04月07日 16:16,29198810
承認待ち 内容確認,dtb201bk 作業承認率: 98% 作業一覧,2026年04月07日 16:58,13872890
承認待ち 内容確認,gottagotta 作業承認率: 98% 作業一覧,2026年04月07日 16:43,94626584
承認待ち 内容確認,yuna32 作業承認率: 99% 作業一覧,2026年04月07日 16:41,70490232
承認待ち 内容確認,K.Tominaga1 作業承認率: 99% 作業一覧,2026年04月07日 16:37,25905755
承認待ち 内容確認,摩天楼さね 作業承認率: 99% 作業一覧,2026年04月07日 16:51,97620355
承認待ち 内容確認,shisyou.lab 作業承認率: 99% 作業一覧,2026年04月07日 16:29,83307176
承認待ち 内容確認,hyperbolicsine 作業承認率: 99% 作業一覧,2026年04月07日 16:36,60312944
承認待ち 内容確認,マックス99 作業承認率: 98% 作業一覧,2026年04月07日 16:19,49444654
承認待ち 内容確認,yasu1025yist 作業承認率: 97% 作業一覧,2026年04月07日 16:31,30782060
承認待ち 内容確認,とものこたろう 作業承認率: 99% 作業一覧,2026年04月07日 16:40,37962140
承認待ち 内容確認,しょっぴ 作業承認率: 99% 作業一覧,2026年04月07日 16:17,77149856
承認待ち 内容確認,電気ｲﾙｶ 作業承認率: 99% 作業一覧,2026年04月07日 16:43,34174795
承認待ち 内容確認,kougo5 作業承認率: 99% 作業一覧,2026年04月07日 16:38,45708784
承認待ち 内容確認,fumiis 作業承認率: 98% 作業一覧,2026年04月07日 16:43,50569986
承認待ち 内容確認,chiho200014 作業承認率: 99% 作業一覧,2026年04月07日 16:53,35703145
承認待ち 内容確認,momiji_cw 作業承認率: 99% 作業一覧,2026年04月07日 16:35,27695980
承認待ち 内容確認,kimtmt 作業承認率: 99% 作業一覧,2026年04月07日 16:35,22556684
承認待ち 内容確認,bardla 作業承認率: 99% 作業一覧,2026年04月07日 16:27,24839317
承認待ち 内容確認,psrnsr 作業承認率: 99% 作業一覧,2026年04月07日 16:22,21424848
承認待ち 内容確認,mac51 作業承認率: 99% 作業一覧,2026年04月07日 16:40,83877818
承認待ち 内容確認,Lemon3 作業承認率: 99% 作業一覧,2026年04月07日 17:00,94052687
承認待ち 内容確認,worker365 作業承認率: 99% 作業一覧,2026年04月07日 16:30,20364565
承認待ち 内容確認,根岸和則 作業承認率: 99% 作業一覧,2026年04月07日 16:35,23854683
承認待ち 内容確認,*彩* 作業承認率: 99% 作業一覧,2026年04月07日 16:37,67101039
承認待ち 内容確認,66546 作業承認率: 98% 作業一覧,2026年04月07日 16:35,77013178
承認待ち 内容確認,inabaikatetsu 作業承認率: 99% 作業一覧,2026年04月07日 16:40,51692269
承認待ち 内容確認,kerori13 作業承認率: 99% 作業一覧,2026年04月07日 16:46,71650459
承認待ち 内容確認,YoSa_Work 作業承認率: 97% 作業一覧,2026年04月07日 16:34,35014641
承認待ち 内容確認,yuutta25 作業承認率: 99% 作業一覧,2026年04月07日 16:26,41144082
承認待ち 内容確認,goldbug57 作業承認率: 99% 作業一覧,2026年04月07日 16:39,22693959
承認待ち 内容確認,achar5150 作業承認率: 98% 作業一覧,2026年04月07日 16:55,56696415
承認待ち 内容確認,kyou0421 作業承認率: 97% 作業一覧,2026年04月07日 16:46,14522858
承認待ち 内容確認,shneeball 作業承認率: 99% 作業一覧,2026年04月07日 16:30,53026717
承認待ち 内容確認,kasasagi7 作業承認率: 98% 作業一覧,2026年04月07日 16:31,38510961
承認待ち 内容確認,beann 作業承認率: 99% 作業一覧,2026年04月07日 16:46,92614843
承認待ち 内容確認,kurabia2 作業承認率: 99% 作業一覧,2026年04月07日 16:58,45079392
承認待ち 内容確認,kangfuqingmu 作業承認率: 94% 作業一覧,2026年04月07日 16:44,13569843
承認待ち 内容確認,mtfujisun 作業承認率: 99% 作業一覧,2026年04月07日 16:59,96323378
承認待ち 内容確認,toshiynjp 作業承認率: 99% 作業一覧,2026年04月07日 16:33,37582032
承認待ち 内容確認,satoh310 作業承認率: 99% 作業一覧,2026年04月07日 16:39,75710553
承認待ち 内容確認,yocchi0520 作業承認率: 99% 作業一覧,2026年04月07日 16:37,28524977
承認待ち 内容確認,ikedey 作業承認率: 99% 作業一覧,2026年04月07日 16:40,93449861
承認待ち 内容確認,crowking 作業承認率: 99% 作業一覧,2026年04月07日 16:38,98810966
承認待ち 内容確認,springflowerrie 作業承認率: 99% 作業一覧,2026年04月07日 16:23,70692885
承認待ち 内容確認,匿名135 作業承認率: 99% 作業一覧,2026年04月07日 16:48,23673645
承認待ち 内容確認,ロロ12 作業承認率: 99% 作業一覧,2026年04月07日 16:50,94042290
承認待ち 内容確認,ごんすけ 作業承認率: 99% 作業一覧,2026年04月07日 16:41,80774915
承認待ち 内容確認,yae0306 作業承認率: 95% 作業一覧,2026年04月07日 16:30,39632531
承認待ち 内容確認,rikerin 作業承認率: 99% 作業一覧,2026年04月07日 16:59,71728824
承認待ち 内容確認,penkel 作業承認率: 99% 作業一覧,2026年04月07日 16:40,13417475
承認待ち 内容確認,munamasa 作業承認率: 99% 作業一覧,2026年04月07日 16:32,87102004
承認待ち 内容確認,route357daisuki 作業承認率: 99% 作業一覧,2026年04月07日 16:24,63059080
承認待ち 内容確認,rojiura 作業承認率: 97% 作業一覧,2026年04月07日 17:01,86873260
承認待ち 内容確認,ナイン10 作業承認率: 99% 作業一覧,2026年04月07日 16:33,22308891
承認待ち 内容確認,sato4kobaya4 作業承認率: 98% 作業一覧,2026年04月07日 16:30,12756457
承認待ち 内容確認,toridosi5678 作業承認率: 98% 作業一覧,2026年04月07日 16:55,29320805
承認待ち 内容確認,hasshiyshipohk 作業承認率: 99% 作業一覧,2026年04月07日 16:42,43978676
承認待ち 内容確認,にゃすも 作業承認率: 99% 作業一覧,2026年04月07日 16:22,14733193
承認待ち 内容確認,BKK4946 作業承認率: 99% 作業一覧,2026年04月07日 16:33,29659243
承認待ち 内容確認,shati 作業承認率: 99% 作業一覧,2026年04月07日 16:37,71571014
承認待ち 内容確認,sr_sr 作業承認率: 99% 作業一覧,2026年04月07日 16:34,95060513
承認待ち 内容確認,phoron 作業承認率: 99% 作業一覧,2026年04月07日 16:38,68309001
承認待ち 内容確認,suisei11 作業承認率: 99% 作業一覧,2026年04月07日 16:25,88494997
承認待ち 内容確認,rain.rainriver 作業承認率: 99% 作業一覧,2026年04月07日 16:49,47781527
承認待ち 内容確認,monarch_rec 作業承認率: 98% 作業一覧,2026年04月07日 16:33,92458093
承認待ち 内容確認,blackk 作業承認率: 97% 作業一覧,2026年04月07日 16:37,57410656
承認待ち 内容確認,pana2013 作業承認率: 99% 作業一覧,2026年04月07日 16:44,13328437
承認待ち 内容確認,tanpe0624 作業承認率: 99% 作業一覧,2026年04月07日 16:30,44802177
承認待ち 内容確認,neuemensch 作業承認率: 99% 作業一覧,2026年04月07日 16:36,63932263
承認待ち 内容確認,wolfz 作業承認率: 99% 作業一覧,2026年04月07日 16:41,96285542
承認待ち 内容確認,FRISK2016 作業承認率: 98% 作業一覧,2026年04月07日 16:48,79462218
承認待ち 内容確認,parasolu 作業承認率: 95% 作業一覧,2026年04月07日 16:34,39693753
承認待ち 内容確認,matsubatask 作業承認率: 99% 作業一覧,2026年04月07日 16:37,18186210
承認待ち 内容確認,daifuku03 作業承認率: 99% 作業一覧,2026年04月07日 16:36,66546141
承認待ち 内容確認,tk0808 作業承認率: 99% 作業一覧,2026年04月07日 16:24,76104134
承認待ち 内容確認,tubeni1 作業承認率: 99% 作業一覧,2026年04月07日 16:33,56365883
承認待ち 内容確認,citron-maro 作業承認率: 99% 作業一覧,2026年04月07日 16:24,90199699
承認待ち 内容確認,ritchie.dw 作業承認率: 98% 作業一覧,2026年04月07日 16:28,46426290
承認待ち 内容確認,tetsu03 作業承認率: 98% 作業一覧,2026年04月07日 16:39,42190164
承認待ち 内容確認,さきねひな 作業承認率: 99% 作業一覧,2026年04月07日 16:37,18697850
承認待ち 内容確認,江戸麹 作業承認率: 98% 作業一覧,2026年04月07日 16:48,66772325
承認待ち 内容確認,lantac8 作業承認率: 99% 作業一覧,2026年04月07日 16:31,85901409
承認待ち 内容確認,norishigo 作業承認率: 99% 作業一覧,2026年04月07日 16:39,35985049
承認待ち 内容確認,STI-Staccato 作業承認率: 99% 作業一覧,2026年04月07日 16:21,68608903
承認待ち 内容確認,Hausen 作業承認率: 99% 作業一覧,2026年04月07日 16:34,84313932
承認待ち 内容確認,hyoukai76 作業承認率: 96% 作業一覧,2026年04月07日 16:31,70042265
承認待ち 内容確認,オキーユ 作業承認率: 97% 作業一覧,2026年04月07日 16:30,84267476
承認待ち 内容確認,kazoom 作業承認率: 96% 作業一覧,2026年04月07日 16:33,12568988
承認待ち 内容確認,Ermite 作業承認率: 99% 作業一覧,2026年04月07日 16:40,83825364
承認待ち 内容確認,astaro 作業承認率: 97% 作業一覧,2026年04月07日 16:30,22576300
承認待ち 内容確認,Crisurisu02 作業承認率: 99% 作業一覧,2026年04月07日 16:54,31885325
承認待ち 内容確認,mayuyu0000 作業承認率: 95% 作業一覧,2026年04月07日 16:17,22089129
承認待ち 内容確認,estilip 作業承認率: 98% 作業一覧,2026年04月07日 16:29,72500974
承認待ち 内容確認,c0155 作業承認率: 97% 作業一覧,2026年04月07日 16:30,26113562
承認待ち 内容確認,momoran8129 作業承認率: 99% 作業一覧,2026年04月07日 16:42,97477460
承認待ち 内容確認,kanata0 作業承認率: 99% 作業一覧,2026年04月07日 16:22,13822015
承認待ち 内容確認,CWU19 作業承認率: 99% 作業一覧,2026年04月07日 16:30,68535423
承認待ち 内容確認,ハルロー 作業承認率: 99% 作業一覧,2026年04月07日 16:53,36445006
承認待ち 内容確認,gahari 作業承認率: 99% 作業一覧,2026年04月07日 16:32,41487953
承認待ち 内容確認,penguin001 作業承認率: 99% 作業一覧,2026年04月07日 16:42,調査完了ID： 30280640
承認待ち 内容確認,wrestjp 作業承認率: 97% 作業一覧,2026年04月07日 16:42,38427944
承認待ち 内容確認,clw_zak9 作業承認率: 98% 作業一覧,2026年04月07日 16:36,61983549
承認待ち 内容確認,nekonekonekono1 作業承認率: 99% 作業一覧,2026年04月07日 16:36,61057168
承認待ち 内容確認,rag_55 作業承認率: 99% 作業一覧,2026年04月07日 16:40,28386374
承認待ち 内容確認,spk1 作業承認率: 99% 作業一覧,2026年04月07日 16:42,11178044
承認待ち 内容確認,ca72485 作業承認率: 99% 作業一覧,2026年04月07日 16:44,37331628
承認待ち 内容確認,kinokoneko 作業承認率: 98% 作業一覧,2026年04月07日 16:47,11342626
承認待ち 内容確認,pukuripo 作業承認率: 99% 作業一覧,2026年04月07日 17:00,55542607
承認待ち 内容確認,nonayan 作業承認率: 99% 作業一覧,2026年04月07日 16:59,85814473
承認待ち 内容確認,Shaun_F 作業承認率: 99% 作業一覧,2026年04月07日 16:25,50888373
承認待ち 内容確認,wavio 作業承認率: 99% 作業一覧,2026年04月07日 16:31,39101544
承認待ち 内容確認,百瀬ゆり（旧yuuu14 作業承認率: 99% 作業一覧,2026年04月07日 16:32,22248605
承認待ち 内容確認,benchan2026 作業承認率: 96% 作業一覧,2026年04月07日 16:47,20500439
承認待ち 内容確認,なべぶた奉行 作業承認率: 99% 作業一覧,2026年04月07日 17:00,43484406
承認待ち 内容確認,sdm89 作業承認率: 99% 作業一覧,2026年04月07日 16:49,89058874
承認待ち 内容確認,fumygo 作業承認率: 99% 作業一覧,2026年04月07日 16:35,90414465
承認待ち 内容確認,a0508 作業承認率: 99% 作業一覧,2026年04月07日 16:33,99198721
承認待ち 内容確認,もちこ123 作業承認率: 99% 作業一覧,2026年04月07日 16:40,15861175
承認待ち 内容確認,psych 作業承認率: 99% 作業一覧,2026年04月07日 16:35,10347477
承認待ち 内容確認,mashiro77 作業承認率: 99% 作業一覧,2026年04月07日 16:41,70604580
承認待ち 内容確認,takabrk 作業承認率: 99% 作業一覧,2026年04月07日 16:50,92993853
承認待ち 内容確認,hisapeejp 作業承認率: 98% 作業一覧,2026年04月07日 16:35,37180615
承認待ち 内容確認,hkcustom 作業承認率: 99% 作業一覧,2026年04月07日 16:31,82719231
承認待ち 内容確認,コーチャ 作業承認率: 99% 作業一覧,2026年04月07日 16:47,87359667
承認待ち 内容確認,naoYK 作業承認率: 98% 作業一覧,2026年04月07日 16:27,95214003
承認待ち 内容確認,pirika06 作業承認率: 99% 作業一覧,2026年04月07日 16:48,32733961
承認待ち 内容確認,tenkamt 作業承認率: 99% 作業一覧,2026年04月07日 17:02,22791366
承認待ち 内容確認,sisannasi 作業承認率: 99% 作業一覧,2026年04月07日 16:31,91347596
承認待ち 内容確認,riramohu 作業承認率: 99% 作業一覧,2026年04月07日 16:30,93157253
承認待ち 内容確認,lattchan 作業承認率: 99% 作業一覧,2026年04月07日 16:39,67946915
承認待ち 内容確認,minshle 作業承認率: 99% 作業一覧,2026年04月07日 16:40,28765444
承認待ち 内容確認,hisa0118 作業承認率: 99% 作業一覧,2026年04月07日 16:35,75279469
承認待ち 内容確認,chitan 作業承認率: 99% 作業一覧,2026年04月07日 16:43,81469817
承認待ち 内容確認,わっく55 作業承認率: 99% 作業一覧,2026年04月07日 16:38,80811642
承認待ち 内容確認,amity1334 作業承認率: 99% 作業一覧,2026年04月07日 16:51,33812654
承認待ち 内容確認,supershit666 作業承認率: 99% 作業一覧,2026年04月07日 16:35,51052249
承認待ち 内容確認,夢鳩 作業承認率: 99% 作業一覧,2026年04月07日 16:38,32406304
承認待ち 内容確認,blue island 作業承認率: 98% 作業一覧,2026年04月07日 16:25,17501814
承認待ち 内容確認,abs333 作業承認率: 99% 作業一覧,2026年04月07日 16:22,62137285
承認待ち 内容確認,tri28 作業承認率: 99% 作業一覧,2026年04月07日 16:32,31762487
承認待ち 内容確認,mako1617 作業承認率: 99% 作業一覧,2026年04月07日 16:21,29712819
承認待ち 内容確認,hayate1144308 作業承認率: 99% 作業一覧,2026年04月07日 16:40,82998146
承認待ち 内容確認,kazu120_7515 作業承認率: 99% 作業一覧,2026年04月07日 16:46,37404463
承認待ち 内容確認,s16bit 作業承認率: 99% 作業一覧,2026年04月07日 16:57,87448297
承認待ち 内容確認,ak-eng 作業承認率: 98% 作業一覧,2026年04月07日 16:52,66344416
承認待ち 内容確認,rokoton6510 作業承認率: 99% 作業一覧,2026年04月07日 16:41,34946265
承認待ち 内容確認,こーじー 作業承認率: 98% 作業一覧,2026年04月07日 16:22,41493348
承認待ち 内容確認,M.RUSH 作業承認率: 99% 作業一覧,2026年04月07日 16:44,96394948
承認待ち 内容確認,ba1212 作業承認率: 97% 作業一覧,2026年04月07日 16:59,61110787
承認待ち 内容確認,義卓 作業承認率: 98% 作業一覧,2026年04月07日 16:34,45206200
承認待ち 内容確認,kouhei2014024 作業承認率: 99% 作業一覧,2026年04月07日 16:35,93157079
